{"cameraMode":{"drawMode":0,"name":"Shaded","section":"Shading Mode"},"sceneLighting":false,"audioPlay":false,"sceneViewState":{"m_AlwaysRefresh":false,"showFog":true,"showSkybox":false,"showFlares":true,"showImageEffects":true,"showParticleSystems":true,"showVisualEffectGraphs":true,"m_FxEnabled":true},"in2DMode":false,"pivot":{"x":0.0895543098449707,"y":0.44579416513442995,"z":-0.02844524383544922},"rotation":{"x":0.05355142429471016,"y":-0.9454867839813232,"z":0.20872202515602113,"w":0.2442467212677002},"size":0.6941111087799072,"orthographic":false}