{"cameraMode":{"drawMode":0,"name":"Shaded","section":"Shading Mode"},"sceneLighting":false,"audioPlay":false,"sceneViewState":{"m_AlwaysRefresh":false,"showFog":true,"showSkybox":false,"showFlares":true,"showImageEffects":true,"showParticleSystems":true,"showVisualEffectGraphs":true,"m_FxEnabled":true},"in2DMode":false,"pivot":{"x":61.522796630859378,"y":0.8194246292114258,"z":32.57276153564453},"rotation":{"x":-0.13178212940692902,"y":0.04668364301323891,"z":-0.006203973200172186,"w":-0.9901894330978394},"size":5.163501262664795,"orthographic":false}