{"cameraMode":{"drawMode":0,"name":"Shaded","section":"Shading Mode"},"sceneLighting":false,"audioPlay":false,"sceneViewState":{"m_AlwaysRefresh":false,"showFog":true,"showSkybox":false,"showFlares":true,"showImageEffects":true,"showParticleSystems":true,"showVisualEffectGraphs":true,"m_FxEnabled":true},"in2DMode":false,"pivot":{"x":28.98447608947754,"y":0.9007664322853088,"z":30.17914581298828},"rotation":{"x":-0.07990075647830963,"y":0.1790238916873932,"z":-0.014586452394723893,"w":-0.9804956316947937},"size":0.5618536472320557,"orthographic":false}