{"cameraMode":{"drawMode":0,"name":"Shaded","section":"Shading Mode"},"sceneLighting":false,"audioPlay":false,"sceneViewState":{"m_AlwaysRefresh":false,"showFog":true,"showSkybox":false,"showFlares":true,"showImageEffects":true,"showParticleSystems":true,"showVisualEffectGraphs":true,"m_FxEnabled":true},"in2DMode":false,"pivot":{"x":30.46900177001953,"y":1.2410001754760743,"z":31.979999542236329},"rotation":{"x":0.13186118006706239,"y":0.8600605726242065,"z":-0.27911269664764407,"w":0.4062773585319519},"size":12.124356269836426,"orthographic":false}