{"cameraMode":{"drawMode":0,"name":"Shaded","section":"Shading Mode"},"sceneLighting":false,"audioPlay":false,"sceneViewState":{"m_AlwaysRefresh":false,"showFog":true,"showSkybox":true,"showFlares":true,"showImageEffects":true,"showParticleSystems":true,"showVisualEffectGraphs":true,"m_FxEnabled":false},"in2DMode":false,"pivot":{"x":26.380613327026368,"y":-0.8038210272789002,"z":31.558198928833009},"rotation":{"x":0.08512938022613526,"y":0.0008959044935181737,"z":-0.00027623571804724634,"w":0.996742844581604},"size":5.386377811431885,"orthographic":false}