{"cameraMode":{"drawMode":0,"name":"Shaded","section":"Shading Mode"},"sceneLighting":false,"audioPlay":false,"sceneViewState":{"m_AlwaysRefresh":false,"showFog":true,"showSkybox":false,"showFlares":true,"showImageEffects":true,"showParticleSystems":true,"showVisualEffectGraphs":true,"m_FxEnabled":true},"in2DMode":false,"pivot":{"x":56.031307220458987,"y":0.2926974594593048,"z":32.135765075683597},"rotation":{"x":0.12162002176046372,"y":-0.3038909137248993,"z":0.039137400686740878,"w":0.9441192150115967},"size":0.5484322309494019,"orthographic":false}